{
  "identifier": "sn-vscode-theme",
  "name": "VS Code Theme",
  "content_type": "SN|Theme",
  "area": "themes",
  "version": "1.1.30",
  "download_url": "https://laux.wtf/sn/sn-vscode-theme/sn-vscode-theme.zip",
  "url": "https://laux.wtf/sn/sn-vscode-theme/dist.css",
  "latest_url": "https://laux.wtf/sn/sn-vscode-theme/ext.json",
  "thumbnail_url": "https://laux.wtf/sn/sn-vscode-theme/screenshot.png",
  "dock_icon": {
    "type": "circle",
    "background_color": "#252526",
    "foreground_color": "#D4D4D4",
    "border_color": "#7ba78a"
  },
  "statusBar": "dark-content"
}