{
  "identifier": "sn-vscode-theme",
  "name": "VS Code Theme",
  "content_type": "SN|Theme",
  "area": "themes",
  "version": "1.1.27",
  "download_url": "https://raw.githubusercontent.com/hyphone/sn-theme-vscode/master/sn-vscode-theme.zip",
  "url": "https://raw.githubusercontent.com/hyphone/sn-theme-vscode/master/dist.css",
  "latest_url": "https://raw.githubusercontent.com/hyphone/sn-theme-vscode/master/ext.json",
  "thumbnail_url": "https://raw.githubusercontent.com/hyphone/sn-theme-vscode/master/screenshot.png",
  "dock_icon": {
    "type": "circle",
    "background_color": "#252526",
    "foreground_color": "#D4D4D4",
    "border_color": "#7ba78a"
  },
  "statusBar": "dark-content"
}